 A i A Alojzy Poplewski;      38-200 Jas³o,  Tadeusza Czackiego 5, woj. podkarpackie    ;14 626 35 29;a-poplewski@tlen.pl; NIP: 6850000389 
A & AEIB Service;      81-611 Gdynia,  Wielkokacka 8 lok. 48, woj. pomorskie    ;608 254 178;null;null
A & AEIB Service;      81-611 Gdynia,  Wielkokacka 8 lok. 48, woj. pomorskie    ;608 254 178;null;null
 A i A Alojzy Poplewski;      38-200 Jas³o,  Tadeusza Czackiego 5, woj. podkarpackie    ;14 626 35 29;a-poplewski@tlen.pl; NIP: 6850000389 
 A I M Travel Transport Osobowy I Ciê¿arowy £ukasz Klimkiewicz ;      09-100 P³oñsk,  œw. Kolbe 13 lok. 34, woj. mazowieckie    ;606 351 312;null; NIP: 5671784422 
 A-Trans Adam Jaworski;      26-130 Suchedniów,  Bodzentyñska 9A, woj. œwiêtokrzyskie    ;530 540 360;autogazsuchedniow@gmail.com; NIP: 9482142328 
 A. Dydu³a-Kuczerowska Andentica Stomatologia ;      86-032 Niemcz,  Olimpijczyków 46, woj. kujawsko-pomorskie    ;null;null; NIP: 7811609715 
 A. Nobis Wyrób kaszy gryczanej ;      Jelonek  45,  27-300 Lipsko, woj. mazowieckie   ;511 909 872;null; NIP: 8111245358 
 A.J.P. S.C. PRYSTUPA ARTUR PRYSTUPA JAROS£AW ;      22-400 Zamoœæ,  Dzieci Zamojszczyzny 35, woj. lubelskie    ;84 627 17 97;arturprystupa@interia.eu; NIP: 9222273803
 A.K.S. s.c.;      60-451 Poznañ,  Jana Henryka D¹browskiego 544, woj. wielkopolskie    ;61 848 80 16;agencja@aks-broker.pl;null
 Activum Sp z o o . Zak³ad Obs³ugi Prawnej ;      73-110 Stargard,  £u¿ycka 4 lok. 2, woj. zachodniopomorskie    ;48 915 73 04;null; NIP: 8540010667 
 Adal Adam Gil PPHU;      Kozieg³ówki,  Lipowa 72,  42-350 Kozieg³owy, woj. œl¹skie   ;34 314 10 23;info@adal.net.pl; NIP: 5771395157 
 Adamo;      Starowa Góra,  Szeroka 36,  95-030 Rzgów, woj. ³ódzkie   ;502 199 911;ad-ko@ad-ko.pl; NIP: 7281648994 
 Ag-Med s.c. NZOZ. Centrum medyczne;      33-106 Tarnów,  Okrê¿na 4a, woj. ma³opolskie    ;14 629 99 00;null; NIP: 9930207119 
 AGATA DZIENIS WÊGLEWSKA KANCELARIA NOTARIALNA ;      05-120 Legionowo,  ks. p³k. Mrugacza 1 lok. C, woj. mazowieckie    ;22 774 59 16;dzienis@notariusze.waw.pl; NIP: 9710615773 
 Agencja;      40-012 Katowice,  œw. Jana 11, woj. œl¹skie    ;null;null; NIP: 6340066917 
 Agmar Art-Deco Sklep Firmowy Victoria G¹bki Florystyczne;      30-149 Kraków,  Balicka 56, woj. ma³opolskie    ;606 721 598;marek.grabowski@agmarartdeco.pl ; NIP: 6831452469 
 Agro Group Sp. z o.o. ;      50-057 Wroc³aw,  Krupnicza 4 lok. 2, woj. dolnoœl¹skie    ;null;null; NIP: 8971795035 
 Aktez Biuro Rachunkowe Lucyna Widziak;      49-340 Lewin Brzeski,  Sikorskiego 3, woj. opolskie    ;77 412 85 81;biuro.aktez@wp.pl; NIP: 7471416382 
 AL-home Adam Lebiedziñski. Poœrednictwo i doradztwo w nieruchomoœciach;      03-140 Warszawa,  Góralska 20 lok. 66, woj. mazowieckie    ;506 338 494;biuro@al-home.pl; NIP: 5271052980 
 Albrecht Hanna, in¿. Us³ugi geodezyjne i kartograficzne;      61-245 Poznañ,  os. Rusa 63 lok. 5, woj. wielkopolskie    ;61 877 99 12;null; NIP: 7821056956 
 Alexander Aleksander Pe³ka;      01-153 Warszawa,  Janczarów 23 lok. 3, woj. mazowieckie    ;null;null; NIP: 5260053473 
 Alfa. Sprz¹tanie.;      31-521 Kraków,  Grochowska 22, woj. ma³opolskie    ;501 258 977;alfaFS@o2.pl;null
 Amadeus Pro Sp. z o.o.;      Ksiê¿omierz Dzierzkowska  197,  23-275 Goœcieradów Ukazowy, woj. lubelskie   ;618 523 216;null; NIP: 7811816555 
 Amicor Przychodnia Zespo³u Lekarza Rodzinnego;      62-330 Nekla,  Sokolnicza 5, woj. wielkopolskie    ;61 438 60 92;null; NIP: 7811187473 
 Amigos Restauracja Robert Bienkowski;      02-992 Warszawa,  Lercha 14R, woj. mazowieckie    ;null;robson-bien@wp.pl; NIP: 1132602788 
 Andrychowic Bo¿ena. Pomoc Psychologiczna i Psychoedukacja;      39-400 Tarnobrzeg,  Koœciuszki 40 lok. 12, woj. podkarpackie    ;604 105 081;bandrychowicz@wp.pl; NIP: 8671029437 
 Andrzej Koczyk;      04-694 Warszawa,  Pomiechowska 8, woj. mazowieckie    ;505 505 028;null;null
 Andrzej Zygmunt Sêk Zri Zak³ad Robót Instalacyjnych ;      07-410 Ostro³êka,  Walecznych 22, woj. mazowieckie    ;604 244 038;zri@interia.pl; NIP: 7580006996 
 Animals-Vet. Zabielska A.;      11-010 Barczewo,  Mickiewicza 52, woj. warmiñsko-mazurskie    ;506 100 831;a_wtulich@wp.pl; NIP: 7393435200 
 Anna Molas Kancelaria radcy prawnego;      22-400 Zamoœæ,  Lipska 63, woj. lubelskie    ;692 938 540;kancelariaprawnamolas@wp.pl; NIP: 9222572322 
 Anna Niwald;      91-403 £ódŸ,  Tamka 5 lok. 10, woj. ³ódzkie    ;600 418 008;annaniwald@op.pl; NIP: 7261270050 
 Anna So³tysiñska. Kancelaria notarialna;      61-775 Poznañ,  Garbary 71 lok. 42, woj. wielkopolskie    ;61 852 15 40;soltysin@rejent.poznan.pl; NIP: 7811117633 
 Anna sp.j. Materia³y budowlane, opa³, nawozy. Kaczyñscy A.I.;      18-300 Zambrów,  Sitarska 18, woj. podlaskie    ;86 271 34 32;anna@annazambrow.pl; NIP: 7230003804 
 Anysz-Niska Magdalena, lek. med. Gabinet okulistyczny;      42-290 Blachownia,  Sienkiewicza 4, woj. œl¹skie    ;null;null; NIP: 5731583467 
 Apteka Przy Koœciele Sp. z o.o.;      Baborówko,  Dworcowa 16A,  64-500 Szamotu³y, woj. wielkopolskie   ;600 823 608;null; NIP: 7872069650 
 Apteka Rodzinna Brzezina sp.j.;      40-881 Katowice,  Boles³awa Chrobrego 29, woj. œl¹skie    ;32 350 09 40;apteka@brzezina.com.pl; NIP: 6342657930 
 Apteka;      22-335 ¯ó³kiewka,  Jana III Sobieskiego 2, woj. lubelskie    ;84 683 13 53;null; NIP: 7121108697 
 Archimetrum;      48-303 Nysa,  marsz. Pi³sudskiego 40 lok. 301, woj. opolskie    ;null;archimetrum@gmail.com; NIP: 7532170373 
 Architektoniczna pracownia projektowa, mgr in¿. arch. Jolanta;      22-400 Zamoœæ,  Wiœniowa 7, woj. lubelskie    ;null;jolaradomska@poczta.onet.pl; NIP: 9221007850 
 Artcnc Artur Hajzik;      44-360 Lubomia,  Uboczna 2, woj. œl¹skie    ;null;null; NIP: 6472396847 
 As Wyroby z drewna Artur Szatkowski;      63-200 Jarocin,  Polna 4a, woj. wielkopolskie    ;513 184 399;kufer4a@interia.eu; NIP: 6171130020 
 Aspects Of English - Mgr Gra¿yna Mendakiewicz - T³umacz Przysiêg³y Jêzyka Angielskiego;      Zawiercie,  Wierzbowa 33 lok. 9, woj. œl¹skie    ;32 670 28 26;mengrazyna2@wp.pl; NIP: 6491607268 
 ASTRA MAX S.J. EWA £OGIN WITWICKA, JAROS£AW WITWICKI;      57-530 Miêdzylesie,  Lipowa 7, woj. dolnoœl¹skie    ;null;null; NIP: 8811002362 
 Auto - Baza Marcinex. Marek Szrama;      21-533 Rossosz,  Polubicka 34, woj. lubelskie    ;660 381 293;null; NIP: 5371299881 
 Auto-Blach PHU. Janicki R.;      62-020 Swarzêdz,  Jesionowa 2, woj. wielkopolskie    ;609 207 642;roman.auto@wp.pl;null
 Auto-Handel Ma³gorzata Seremet;      44-335 Jastrzêbie-Zdrój,  Turystyczna 20 lok. 17, woj. œl¹skie    ;517 772 046;mjmarchlik@wp.pl; NIP: 9281702482 
 Autorecykling Stacja Demonta¿u Pojazdów;      64-300 Nowy Tomyœl,  Kolejowa 45, woj. wielkopolskie    ;601 190 290;autorecykling@op.pl; NIP: 7881799365 
 Awip Consulting Sp. z o.o.;      02-796 Warszawa,  Juranda ze Spychowa 44 F, woj. mazowieckie    ;null;null; NIP: 5242763135 
 AXA Kancelaria Doradcy Podatkowego ;      53-522 Wroc³aw,  Skwierzyñska 26 lok. 3, woj. dolnoœl¹skie    ;60 306 30 77;axa@wr.onet.pl; NIP: 8990103699 
'a.z' Andrzej Zwoliñski;      81-575 Gdynia,  Szczêœliwa 2A lok. 1, woj. pomorskie    ;null;ZWOLAND2@WP.PL; NIP: 5891425518 
'abamax' Ma³gorzata Jarmu³owicz Logistyka I Serwis ;      81-054 Gdynia,  Morska 293 lok. 57, woj. pomorskie    ;null;null; NIP: 9581004227 
'ad - Tom' Adam Smykla;      84-230 Rumia,  £¹kowa 15A, woj. pomorskie    ;null;null; NIP: 9581262337 
'ad Astra' Micha³ Kasela Psycholog;      25-734 Kielce,  Jagielloñska 105 lok. 16, woj. œwiêtokrzyskie    ;null;kaselappp1@gmail.com; NIP: 9591778605 
'adamczak Jacek Gabinet Chirurgii Urazowo Ortopedycznej ';      Leszno,  ¯ó³kiewskiego 2, woj. wielkopolskie    ;null;null; NIP: 6971458058 
'adamczewski Cezary Firma ACT ';      Leszno,  D¹browskiego 1, woj. wielkopolskie    ;null;null; NIP: 6970000400
'adamczewski Micha³ Elektromechanika Samochodowa ';      Leszno,  Zbyszka z Bogdañca 17, woj. wielkopolskie    ;null;null; NIP: 6971511396 
'adamex';      84-230 Bia³a  5 lok. 2, woj. pomorskie    ;null;adamex@adamex.com; NIP: 5861048152 
'adamiak Katarzyna INFINITY ';      64-100 Leszno,  Zamenhofa 113 lok. 10, woj. wielkopolskie    ;null;null; NIP: 6971995394
'adamus Adam Janusz;      41-303 D¹browa Górnicza,  Kazimierza Srokowskiego 1, woj. œl¹skie    ;null;null; NIP: 6291660967
'adi' FHU Adam Biesiada;      Zalasewo,  Œredzka 59,  62-020 Swarzêdz, woj. wielkopolskie   ;61 815 92 47;null; NIP: 7781065132 
'adler Wies³aw ';      Leszno,  Grochowiaka 28, woj. wielkopolskie    ;null;null; NIP: 6971010062 
'afrodyzja' Agnieszka Rozmus;      39-460 Nowa Dêba,  Krasickiego 8, woj. podkarpackie    ;null;null; NIP: 8671622106 
'alex" Seweryn Rozengart;      80-297 Banino,  Klonowa 37, woj. pomorskie    ;null;null; NIP: 5882115959 
'alex' Patryk Bartkowiak;      62-067 Rakoniewice,  Pocztowa 35, woj. wielkopolskie    ;null;null; NIP: 9950140068 
'ambroszczyk Maciej Przedsiêb.produkcyjno Handlowo Us³ugowe ';      Jerzykowo,  Zaciszna 20, woj. wielkopolskie    ;null;null; NIP: 7841067868 
'amicis' Ca³odobowa Lecznica Dla Zwierz¹t Miros³aw Siwek;      81-045 Gdynia,  ¯ukowska 21, woj. pomorskie    ;null;null; NIP: 5861203138 
'andersz Maciej Zak³ad Ogólnobudowlany ';      Leszno,  Grunwaldzka 2A lok. 3, woj. wielkopolskie    ;null;null; NIP: 6971058749 
'andrex' - Andrzej Jab³oñski;      81-214 Gdynia,  Wójta Radtkego 36/40 lok. BOX.367, woj. pomorskie    ;null;null; NIP: 5861047796 
'andrzejczak Mucha Dorota Salon Elegancja ';      Wrzeœnia,  Rynek 22, woj. wielkopolskie    ;null;biuro@salonelegancja.pl; NIP: 7891107699 
'andrzejczak Rafa³ Rgn Andrzejczak Rafa³ ';      Kleparz  1,  62-300 Wrzeœnia, woj. wielkopolskie   ;null;null; NIP: 7891041061 
'andrzejczak Tomasz Tandronik ';      64-100 Leszno,  Lipowa 31 lok. 2, woj. wielkopolskie    ;null;null; NIP: 8942368773 
'andrzejewska Ma³gorzata FH "GOSIA" ';      64-100 Leszno,  Leœna Osada 70, woj. wielkopolskie    ;609 850 997;null; NIP: 6971085189 
'andrzejewski Bartosz "BARTEM" ';      Leszno,  Findera 59, woj. wielkopolskie    ;null;null; NIP: 6971954107 
'andrzejewski Krzysztof Csd Systemy Informatyczne ';      Leszno,  Siewna 8, woj. wielkopolskie    ;null;null; NIP: 6971986159 
'andrzejewski Miros³aw Taksówka Osobowa ';      Leszno,  Spokojna 10, woj. wielkopolskie    ;null;null; NIP: 6971616936 
'anemone" Liliana Zawilska;      60-683 Poznañ,  Wiedeñska 48, woj. wielkopolskie    ;null;null; NIP: 9720548274 
'antoniak Mariusz Us³ugi Kucharskie ';      Leszno,  Rumuñska 5 lok. 9, woj. wielkopolskie    ;null;null; NIP: 6971055432 
'antonowicz Ireneusz Antonowicz ';      Leszno,  Nowy Rynek 38 lok. 7, woj. wielkopolskie    ;null;null; NIP: 6971496544 
'apolinarski Micha³ Wspólnik S.c."WEBSYLIUM" ';      Leszno,  ks. kard. Wyszyñskiego 51, woj. wielkopolskie    ;null;null; NIP: 6972166814 
'ar-tech' Arkadiusz Preuss;      81-155 Gdynia,  p³k. D¹bka 231B lok. 3, woj. pomorskie    ;null;null; NIP: 9580617287 
'archi Plan Pracownia Projektowa' Wojciech Rydzyñski;      81-589 Gdynia,  Cynamonowa 19, woj. pomorskie    ;null;null; NIP: 8781211054 
'arcon' Robert Ponto Nazwa Skrócona: 'arcon';      81-591 Gdynia,  Imbirowa 8, woj. pomorskie    ;null;null; NIP: 5861050284 
'arkobud' Arkadiusz Nowicki;      Czerlejno,  Kostrzyñska 15,  62-025 Kostrzyn, woj. wielkopolskie   ;null;null; NIP: 7861340586 
'augustyniak Robert Remo Bud ';      66-110 Babimost,  Sulechowska 17, woj. lubuskie    ;null;null; NIP: 9231323274 
A & A ... Just Africa Amelia Leszczyñska-ho³owacz;      05-140 Ludwinowo Zegrzyñskie,  Radziwi³³ów 5, woj. mazowieckie    ;609 845 960;amelia.holowacz@gmail.com; NIP: 7122463259 
A & A Agata Jaszczak;      Kargoszyn,  Kargoszyñska 55,  06-400 Ciechanów, woj. mazowieckie   ;null;null; NIP: 5661064643 
A & A Agencja sp.j. Tkaczyk J., Parapura J.;      00-036 Warszawa,  Baczyñskiego 21, woj. mazowieckie    ;22 835 50 98;null; NIP: 5252440853 
A & A Agnieszka Ziegert;      80-806 Gdañsk,  Targ Sienny 7, woj. pomorskie    ;null;null; NIP: 5832763478 
A & A Aldona Mi¹sko;      03-137 Warszawa,  Cio³kosza 4, woj. mazowieckie    ;null;aldonamiasko32@gmail.com; NIP: 5361713020 
A & A Anna Kucharska;      Dziekanów Leœny,  Reymonta 16,  05-092 £omianki, woj. mazowieckie   ;null;null; NIP: 1181801186 
A & A Arkadiusz Wójcik;      95-200 Pabianice,  Warszawska 44 lok. 50, woj. ³ódzkie    ;null;null; NIP: 7311810756 
A & A Bau-Styl. Przedsiêbiorstwo robót in¿ynieryjnych;      43-144 Lêdziny,  Folwarczna 43, woj. œl¹skie    ;null;null;null
A & A Beauty s.c. Fedurczak, Rosiñski;      92-316 £ódŸ,  Milionowa 84a, woj. ³ódzkie    ;42 672 21 99;null; NIP: 7282684495 
A & A Beauty Studio Sp. z o.o.;      02-786 Warszawa,  Zamiany 8 lok. LU202, woj. mazowieckie    ;null;null; NIP: 9512529783 
A & A Biotechnology;      81-451 Gdynia,  al. Zwyciêstwa 96/98, woj. pomorskie    ;58 622 85 78;null; NIP: 5840254403 
A & A Buchalter i Rzeczoznawca. Lubas A.A.;      35-606 Rzeszów,  Powstañców Listopadowych 47, woj. podkarpackie    ;601 403 340;null;null
A & A Car s.c. Autohandel, autokomis;      01-969 Warszawa,  Pu³kowa 39, woj. mazowieckie    ;22 865 18 59;null;null
A & A Consulting Adam Drabowicz;      80-335 Gdañsk,  Szyprów 4B lok. 2, woj. pomorskie    ;null;null; NIP: 5841853821 
A & A Contracting Sp. z o.o.;      00-609 Warszawa,  Lecha Kaczyñskiego 26, woj. mazowieckie    ;null;null; NIP: 5851409648 
A & A Dent. Przychodnia stomatologiczna;      60-681 Poznañ,  os. Boles³awa Chrobrego 18 lok. 1, woj. wielkopolskie    ;61 822 30 43;null; NIP: 9720530417 
A & A Dental Studio s.c. Prywatne laboratorium protetyczne. Cieœlewicz A.A.;      64-920 Pi³a,  Ogiñskiego 14, woj. wielkopolskie    ;67 213 07 48;agnieszka@e-dentalstudio.pl; NIP: 7640204471 
A & A Developer s.c. Koœcian A., Oleszczak A.;      Ostrów  48c,  98-100 £ask, woj. ³ódzkie   ;512 431 226;null; NIP: 8311632835 
A & A Eta. Modzelewski M.;      91-071 £ódŸ,  Ogrodowa 72 lok. 74, woj. ³ódzkie    ;507 101 002;null;null
A & A Harasimiuk. Gospodarstwo agroturystyczne;      78-552 Prosino  4, woj. zachodniopomorskie    ;null;prosino@wp.pl;null
A & A Home Decoration Agata Sagan-Nowak;      31-589 Kraków,  So³tysowska 12F lok. 74, woj. ma³opolskie    ;null;aahomedecotarion@gmail.com; NIP: 6782828488 
A & A Home Decoration Agnieszka Sagan;      31-589 Kraków,  So³tysowska 12F lok. 74, woj. ma³opolskie    ;null;null; NIP: 6782995482 
A & A Invest S.A.;      Nac³aw  25,  64-000 Koœcian, woj. wielkopolskie   ;65 511 70 30;null;null
A & A Investment Groupp Sp. z o.o.;      87-100 Toruñ,  Bankowa 8A lok. 15, woj. kujawsko-pomorskie    ;56 622 84 65;mostowa7@o2.pl; NIP: 9562303816 
A & A Jarz¹b. Hurtownia s³odyczy;      48-300 Nysa,  Bohaterów Warszawy 2, woj. opolskie    ;77 433 79 58;null; NIP: 7530005084 
A & A Kadry Sp. z o.o.;      05-077 Warszawa,  Z³ota 61 lok. 100, woj. mazowieckie    ;null;null; NIP: 9522060715 
A & A Kalisz. Biuro nieruchomoœci;      00-533 Warszawa,  Mokotowska 63, woj. mazowieckie    ;22 621 08 85;anna.kalisz@dzialki.waw.pl; NIP: 5262056493 
A & A Kosid³o. Sklep kolonialny;      67-124 Nowe Miasteczko,  Paderewskiego 6 lok. 2, woj. lubuskie    ;68 388 91 16;null; NIP: 9251889889 
A & A Kredyty Us³ugi Bankowe s.c. Agnieszka Grymek Aneta Barbarowska;      Krzeszowice,  Rynek 2, woj. ma³opolskie    ;12 283 01 65;null; NIP: 5130243637 
A & A Lilia. Banaszak A.;      50-072 Wroc³aw,  W³odkowica 21, woj. dolnoœl¹skie    ;785 924 707;null;null
A & A Marketing Sp. z o.o. Administracja;      91-463 £ódŸ,  £agiewnicka 54/56, woj. ³ódzkie    ;42 640 60 04;m.adamczewski@aia.pl; NIP: 7251876348 
A & A Marketing Sp. z o.o.;      90-063 £ódŸ,  Piotrkowska 146, woj. ³ódzkie    ;42 632 00 00;biuro@aia.pl; NIP: 7251876348 
A & A Mebel Anita Ochmann Stoisko Firmowe;      46-380 Dobrodzieñ,  Lubliniecka 34, woj. opolskie    ;34 351 08 10;null; NIP: 5761532635 
A & A Mebel Ochman. Oddzia³;      42-793 Ciasna,  Zjednoczenia 94, woj. œl¹skie    ;34 351 60 44;biuro@mebleochmann.pl; NIP: 5761532635 
A & A Mebel. Ochmann A.;      46-380 Dobrodzieñ,  Wojska Polskiego 89a, woj. opolskie    ;782 540 404;biuro@mebleochmann.pl; NIP: 5761532635 
A & A Media. Adasiewicz P.;      35-328 Rzeszów,  ks. Popie³uszki 6 lok. 15, woj. podkarpackie    ;null;null;null
A & A Moda. Sklep z odzie¿¹;      61-655 Poznañ,  Gronowa 93, woj. wielkopolskie    ;61 826 73 49;agnieszkaiadam@op.pl; NIP: 9720090266 
A & A Ogrody Sp. z o.o.;      05-070 Sulejówek,  Paderewskiego 54, woj. mazowieckie    ;602 774 540;aa_ogrody@wp.pl; NIP: 7010025956 
A & A Optimed Abramczyk - Sp.j.;      50-502 Wroc³aw,  Boczna 4, woj. dolnoœl¹skie    ;71 782 20 89;null; NIP: 8992451921 
A & A Optimed s.c.;      20-470 Lublin,  Zofii i Wac³awa Na³kowskich 118 lok. 29, woj. lubelskie    ;null;null; NIP: 9462212830 
A & A Partners s.c. Gumel A., Legenza A.;      91-843 £ódŸ,  Kowalska 3 lok. 3/4/5, woj. ³ódzkie    ;692 966 350;null; NIP: 7262650004 
A & A Pinokio. Sklep z zabawkami;      31-462 Kraków,  Pilotów 22, woj. ma³opolskie    ;12 411 05 21;pinokio@pinokio.cc.pl; NIP: 9451510564 
A & A Projekt Surowiec Anna;      41-253 CzeladŸ,  Norwida 4B lok. 10, woj. œl¹skie    ;null;surowiec_a@interia.pl; NIP: 6441364639 
A & A Projekt. ¯ygad³o A.;      58-200 Dzier¿oniów,  ks. Dzier¿onia 46, woj. dolnoœl¹skie    ;791 200 777;null;null
A & A Rainbow Tax Office Sp. z o.o.;      85-432 Bydgoszcz,  Kormoranów 12A lok. 5, woj. kujawsko-pomorskie    ;null;null; NIP: 9671429924 
A & A s.c. Biuro rachunkowe. Kozyra A., Grabowska A.;      58-309 Wa³brzych,  Broniewskiego 1 B, woj. dolnoœl¹skie    ;74 666 03 33;null;null
A & A s.c. Chruœciel A., Wypych A.;      30-512 Kraków,  pl. Serkowskiego 1, woj. ma³opolskie    ;519 439 139;null;null
A & A s.c. Drogeria kosmetyczna;      60-504 Poznañ,  Wawrzyniaka 26, woj. wielkopolskie    ;780 270 205;null; NIP: 7811015909 
A & A s.c. FHU. Chlebicki K., Suslik W.;      32-566 Alwernia,  Krakowska 57a, woj. ma³opolskie    ;12 283 14 13;biuro@alwernia.net; NIP: 6751025535 
A & A s.c. FHU. Chlebicki K., Suœlik W.;      Porêba ¯egoty  238,  32-566 Alwernia, woj. ma³opolskie   ;12 283 14 13;biuro@alwernia.net; NIP: 6751025535 
A & A s.c. Garsonki, sukienki;      95-100 Zgierz,  Solna 4, woj. ³ódzkie    ;502 553 725;null; NIP: 7322140012 
A & A s.c. Hruboñ A., Siodlarz A.;      10-035 Olsztyn,  Ko³³¹taja 16, woj. warmiñsko-mazurskie    ;601 362 402;cherry.olsztyn@gmail.com;null
A & A s.c. H³adko A., Szwed J.;      87-800 W³oc³awek,  Bartnicka 19, woj. kujawsko-pomorskie    ;54 413 26 46;null; NIP: 8882514224 
A & A s.c. Kamiñski A., Wêglarczyk-Kamiñska A.;      47-208 Reñska Wieœ,  Fabryczna 8, woj. opolskie    ;77 482 00 75;info@my-sweet-baby.com; NIP: 7492005684 
A & a s.c. KaŸmierczak Adam KaŸmierczak Anna;      02-134 Warszawa,  1 Sierpnia 44 lok. 20, woj. mazowieckie    ;22 846 11 91;null;null
A & A s.c. PHU. Gajewski A.;      03-982 Warszawa,  Guderskiego 7, woj. mazowieckie    ;null;null; NIP: 1130162032 
A & A s.c. Salon sukien œlubnych;      63-400 Ostrów Wielkopolski,  Rynek 5, woj. wielkopolskie    ;62 591 03 59;null; NIP: 6222746335 
A & A s.c. Stroñska-£oœ A., Oczachowski A.;      70-241 Szczecin,  Kopernika 3 -5 lok. 7, woj. zachodniopomorskie    ;null;null;null
A & A s.c. Wodarczyk A., Faliñska A.;      Parszów,  Staszica 65a,  27-215 W¹chock, woj. œwiêtokrzyskie   ;null;null; NIP: 6641789094 
A & A s.c.;      40-026 Katowice,  Wojewódzka 21, woj. œl¹skie    ;32 254 66 42;saigon.katowice@gmail.com; NIP: 9542662943 
A & A s.c.Andrzej Dudewicz Andrzej Kaliñski;      02-495 Warszawa,  Zag³oby 9 lok. 3, woj. mazowieckie    ;null;null; NIP: 5221001472 
A & A Service Sp. z o.o.;      01-433 Warszawa,  Nowogrodzka 50 lok. 515, woj. mazowieckie    ;null;null; NIP: 5272971832 
A & A Sp. z o.o. PPU;      80-447 Gdañsk,  Niemcewicza 11 lok. 3, woj. pomorskie    ;null;biuro@ppuaia.pl; NIP: 5840301019 
A & A Sp. z o.o.;      51-629 Wroc³aw,  Wiwulskiego 25 lok. 5, woj. dolnoœl¹skie    ;null;null; NIP: 8982256460 
A & A sp.j. PHU;      41-500 Chorzów,  al. Harcerska 3, woj. œl¹skie    ;32 222 12 01;null; NIP: 6411003859 
A & A sp.j. Producent kaloszy, klapków, œniegowców;      Henryszew,  Topolowa 21,  96-316 ¯yrardów, woj. mazowieckie   ;46 855 63 23;null; NIP: 8380000943 
A & A Srebro Styl. Wedekind A.;      80-680 Gdañsk,  Nadwiœlañska 18, woj. pomorskie    ;58 323 90 43;null; NIP: 5831924985 
A & A Stolarz Sp. z o.o.;      Kalinowice  67A,  22-400 Zamoœæ, woj. lubelskie   ;null;null; NIP: 9223017284 
A & A Studio Fryzjersko-Kosmetyczne Agnieszka Szelc Anita Antonowicz;      61-505 Poznañ,  Pami¹tkowa 17, woj. wielkopolskie    ;null;null; NIP: 7831572205 
A & A Studio Projekt s.c.;      59-220 Legnica,  Fabryczna 22, woj. dolnoœl¹skie    ;535 606 202;biuro@aastudioproject.pl; NIP: 6912496850 
A & A Studio. Cholewa A.;      64-920 Pi³a,  D¹browskiego 8, woj. wielkopolskie    ;666 995 005;null;null
A & A Tacho-Serwis;      09-402 P³ock,  Portowa 10, woj. mazowieckie    ;null;tachoserwis@vp.pl; NIP: 7741621354 
A & A Trade. Duszak D.;      Osolin,  Jod³owa 30,  55-120 Oborniki Œl¹skie, woj. dolnoœl¹skie   ;71 310 62 65;null;null
A & A Us³ugi Pielêgniarskie S.C. Hincyngier Ada, Walent Anna;      65-124 Zielona Góra,  ¯urawinowa 5, woj. lubuskie    ;null;ada_37@tlen.pl; NIP: 9291233735 
A & A Us³ugi Pielêgniarskie sp.j. Hincyngier A., Walent A.;      65-124 Zielona Góra,  ¯urawinowa 5, woj. lubuskie    ;605 963 463;ada_37@tlen.pl; NIP: 9730944020 
A & A Wioletta Jaworska;      05-091 Z¹bki,  Wyzwolenia 42A, woj. mazowieckie    ;null;null; NIP: 5271132963 
A & A;      61-292 Poznañ,  os. Czecha 150, woj. wielkopolskie    ;61 875 55 55;null; NIP: 7791044249 
A & A-Cars Sp. z o.o. (w organizacji);      76-251 Kobylnica,  Kolejowa 11 lok. 2, woj. pomorskie    ;889 910 093;arsen89@wp.pl; NIP: 8393142929 
A & A-Styl. Firma odzie¿owa ;      96-200 Rawa Mazowiecka,  Warszawska 8, woj. ³ódzkie    ;46 814 52 08;andrzejgonski@op.pl; NIP: 8351503096 
A & A. Administracja budynku;      90-443 £ódŸ,  al. Mickiewicza 15a, woj. ³ódzkie    ;42 636 57 47;nieruchomosci@aia.pl; NIP: 7260125854 
A & A. Aerobik. Walczak A.;      05-600 Grójec,  Batalionów Ch³opskich 34, woj. mazowieckie    ;48 664 18 22;null;null
A & A. Agencja muzyczna;      Biskupia Wola,  G³ówna 155,  97-318 Czarnocin, woj. ³ódzkie   ;606 447 171;null;null
A & A. Artyku³y œcierne;      01-807 Warszawa,  Barcicka 3, woj. mazowieckie    ;22 864 45 45;info@a-a.com.pl; NIP: 1181666021 
A & A. Biuro turystyczne;      03-599 Warszawa,  Wojskowa 5b lok. 304, woj. mazowieckie    ;22 678 68 60;null; NIP: 5241606480 
A & A. Ca³odobowe us³ugi szklarskie. Miros³aw Misiejczuk;      43-600 Jaworzno,  Towarowa 65, woj. œl¹skie    ;null;rm255@wp.pl; NIP: 9541658589 
A & A. Ca³odobowe us³ugi szklarskie. Misiejczuk M.;      41-500 Chorzów,  Truchana 45, woj. œl¹skie    ;32 250 02 30;null; NIP: 9541658589 
A & A. Delikatesy. Partyka A.;      59-101 Polkowice,  Wo³odyjowskiego 43, woj. dolnoœl¹skie    ;76 845 12 41;null; NIP: 6920202892 
A & A. Dom jubilerski;      90-004 £ódŸ,  Piotrkowska 100, woj. ³ódzkie    ;42 630 91 78;domjubilerski100@aia.pl; NIP: 7260125854 
A & A. FH;      90-063 £ódŸ,  Piotrkowska 146, woj. ³ódzkie    ;42 640 60 04;aia@aia.pl; NIP: 7260125854 
A & A. FH. ¯urawik A.;      43-608 Jaworzno,  ks. Suliñskiego 84, woj. œl¹skie    ;32 614 18 57;willa1@fr.pl; NIP: 6321419384 
A & A. Figurewicz A.;      73-110 Stargard,  os. Tysi¹clecia 5, woj. zachodniopomorskie    ;91 851 17 79;null; NIP: 5782746399 
A & A. Firma handlowa;      90-418 £ódŸ,  al. Koœciuszki 39, woj. ³ódzkie    ;42 632 01 30;domjubilerski39@aia.pl; NIP: 7260125854 
A & A. Firma handlowa. Biurowe Centrum Biznesu. Filia;      91-463 £ódŸ,  £agiewnicka 54/56, woj. ³ódzkie    ;42 640 60 04;null; NIP: 7260125854 
A & A. Galeria;      60-771 Poznañ,  Matejki 62, woj. wielkopolskie    ;603 928 211;aukcje@adam-s.pl; NIP: 7790027800 
A & A. Hurtownia wielobran¿owa. Ngoc Anh N.;      32-540 Trzebinia,  Rynek woj. ma³opolskie    ;506 044 850;null;null
A & A. Jubiler. Baczyñski;      41-200 Sosnowiec,  Targowa 9, woj. œl¹skie    ;32 292 00 77;null; NIP: 6440023669 
A & A. Kwatery;      34-500 Zakopane,  Droga do Olczy 20a, woj. ma³opolskie    ;18 201 52 35;benita_w@poczta.onet.pl; NIP: 7361363377 
A & A. Materia³y poligraficzne, maszyny poligraficzne. Mierzejewski A.;      15-523 Bia³ystok,  S³onimska 5, woj. lubelskie    ;85 740 20 06;biuro@materialypoligraficzne.pl; NIP: 7211059761 
A & A. Materia³y poligraficzne. Mierzejewski A.;      15-523 Grabówka,  Oliwkowa 1, woj. podlaskie    ;85 740 20 06;biuro@materialypoligraficzne.pl; NIP: 7211059761 
A & A. Naprawa lodówek i zamra¿arek;      60-707 Poznañ,  Ma³eckiego 14, woj. wielkopolskie    ;61 865 20 83;null; NIP: 7791044249 
A & A. Naprawa lodówek, zamra¿arek, lad ch³odniczych;      62-052 Komorniki,  Staszica 6, woj. wielkopolskie    ;61 865 20 83;null; NIP: 7791044249 
A & A. Naprawa lodówek, zamra¿arek. Serwis;      61-154 Poznañ,  os. Piastowskie 106a lok. 1, woj. wielkopolskie    ;61 875 70 19;null; NIP: 7771873907 
A & A. Naprawa, serwis;      62-052 Komorniki,  Fabianowska 11, woj. wielkopolskie    ;61 810 75 30;null; NIP: 7771873907 
A & A. PHU. Czajor A.;      41-208 Sosnowiec,  Wojska Polskiego 25, woj. œl¹skie    ;32 291 10 06;null; NIP: 6442159657 
A & A. PPHU. Filek. A., Skrzypczak A.;      85-650 Bydgoszcz,  Cicha 71 lok. 1, woj. kujawsko-pomorskie    ;null;null; NIP: 5542355512 
A & A. Ratajczak J.;      70-425 Szczecin,  Kujawska 4 lok. 19, woj. zachodniopomorskie    ;791 642 243;null;null
A & A. Sklep spo¿ywczo - przemys³owy;      43-502 Czechowice-Dziedzice,  Kochanowskiego 15, woj. œl¹skie    ;32 215 91 62;null; NIP: 6521625527 
A & A. Sklep z wyrobami za z³ota i srebra;      90-265 £ódŸ,  Piotrkowska 46, woj. ³ódzkie    ;42 630 91 76;domjubilerski46@aia.pl; NIP: 7260125854 
A & A. Studio urody;      96-200 Rawa Mazowiecka,  al. Konstytucji 3 Maja 9b, woj. ³ódzkie    ;603 087 729;studio_aa@o2.pl; NIP: 8351504807 
A & A. Transport;      ¯migródek  75e lok. 1,  55-140 ¯migród, woj. dolnoœl¹skie   ;606 858 635;null;null
A & A. Watkowska A.;      02-116 Warszawa,  S¹chocka 7 lok. 43, woj. mazowieckie    ;512 275 404;null;null
A & A. Windykacja starych d³ugów. Szczyg³owski A., mgr;      43-100 Tychy,  ks. Blachnickiego 7, woj. œl¹skie    ;32 227 35 79;arturszczyglowski@onet.pl; NIP: 6460015992 
A & A. Wojtaszek A.;      02-830 Warszawa,  Rumby 27 lok. 6, woj. mazowieckie    ;604 555 697;null; NIP: 6792259879 
A & A. W¹sik A.;      80-333 Gdañsk,  Pomorska 14e lok. 12, woj. pomorskie    ;null;null; NIP: 5841409517 
A & A. Zak³ad Introligatorski. Krystyna Krywienia;      85-132 Bydgoszcz,  Ugory 23, woj. kujawsko-pomorskie    ;52 373 79 27;introali@wp.pl; NIP: 9530078003 
A & A. Zarz¹dzanie nieruchomoœciami. Antczak I.;      95-100 Zgierz,  Andrzeja Struga 13/21, woj. ³ódzkie    ;695 195 605;null; NIP: 7321316058 
A & A. £ukasiewicz-Mazur A.;      50-077 Wroc³aw,  Kazimierza Wielkiego 67, woj. dolnoœl¹skie    ;71 341 08 94;biurojg@aia-tlumaczenia.pl; NIP: 7532178618 
A & Aaalmed. Koniñski P., dr nauk med., Zmonarski S., dr nauk med.;      51-648 Wroc³aw,  Olszewskiego 152, woj. dolnoœl¹skie    ;71 333 00 02;przemyslaw.koninski@euromedic.pl; NIP: 8981125566 
A & Acitve. Agencja ubezpieczeniowa;      00-801 Warszawa,  Chmielna 98, woj. mazowieckie    ;22 620 15 09;null;null
A & Active El¿bieta Przybecka Ubezpieczenia I Finanse;      Warszawa,  Lasek Brzozowy 7 lok. 21, woj. mazowieckie    ;501 780 985;null; NIP: 9511764068 
A & Active Krzysztof Karaœ;      02-796 Grabów nad Pilic¹,  Kolonia Zbyszków 11E, woj. mazowieckie    ;null;null; NIP: 9511097904 
A & Active. Przybecka E., Karaœ K.;      00-810 Warszawa,  Srebrna 16, woj. mazowieckie    ;22 654 26 15;null; NIP: 5272343142 
A & AEIB Service;      81-611 Gdynia,  Wielkokacka 8 lok. 48, woj. pomorskie    ;608 254 178;null;null
A & AS. Awaryjne otwieranie aut, sejfów. Stefaniak A.;      03-982 Warszawa,  Guderskiego 3 lok. 57, woj. mazowieckie    ;601 202 907;stefaniak@o2.pl; NIP: 1130395813 
A & Atut. Wielkopolskie centrum komputerowe. Adamczak M.G.;      61-652 Poznañ,  os. Zwyciêstwa 109, woj. wielkopolskie    ;61 828 09 20;sekretariat@atut.poznan.pl; NIP: 9720836777 
A & B & T sp.j. Jedliñski A., Wronka B., Paszko T.;      02-143 Warszawa,  ¯wirki i Wigury 15, woj. mazowieckie    ;22 868 49 19;abt@wp.pl; NIP: 5240013476 
A & B Agnieszka Borkowska Boles³aw Murmy³o s.c.;      59-800 Warszawa,  al. Wilanowska 240, woj. mazowieckie    ;513 179 864;null; NIP: 6131567176 
A & B Agnieszka Tomaszewska;      05-420 Józefów,  gen. Sikorskiego 105, woj. mazowieckie    ;510 151 022;null; NIP: 1131540720 
A & B Agnieszka Zdanowska;      02-495 Warszawa,  Che³moñskiego 8 lok. 109, woj. mazowieckie    ;null;null; NIP: 5381162971 
A & B Andrzej G¹siorowski;      Belsk Ma³y  BN,  05-622 Belsk Du¿y, woj. mazowieckie   ;null;null; NIP: 7971273968 
A & B Artur Nowak;      65-074 Zielona Góra,  Kasprowicza 2 lok. 6, woj. lubuskie    ;null;null; NIP: 9291042544 
A & B Bruscy Biuro Realizacji Inwestycji;      83-300 Kartuzy,  os. Zielone Wzgórze 32, woj. pomorskie    ;516 077 744;andrzej.bruski@bruscy.pl;null
A & B Club Sp. z o.o.;      01-141 Warszawa,  Wolska 84/86, woj. mazowieckie    ;null;null; NIP: 5272394205 
A & B Collection Aldona Bilska;      98-220 Zduñska Wola,  Zduñska 20, woj. ³ódzkie    ;null;null; NIP: 8271326048 
A & B Consulting;      Chrz¹stowo  55,  63-130 Ksi¹¿ Wielkopolski, woj. wielkopolskie   ;61 887 60 56;argeton@argeton.pl; NIP: 7772960560 
A & B Costruzioni Sp. z o.o.;      00-175 Warszawa,  al. Jana Paw³a II 80 lok. 62, woj. mazowieckie    ;null;null; NIP: 5252368222 
A & B Dachy. PPUH. Sobel B.;      32-650 Kêty,  os. 700-Lecia 1a lok. 38, woj. ma³opolskie    ;513 373 422;null;null
A & B Drob Sp. z o.o. Skup i sprzeda¿ drobiu;      83-330 ¯ukowo,  Pod El¿bietowo 9, woj. pomorskie    ;58 681 76 88;null; NIP: 5891745855 
A & B Fashion Angelika Przedborska;      97-200 Tomaszów Mazowiecki,  Browarna 11/13 lok. 45, woj. ³ódzkie    ;null;aefashion.sklep@gmail.com; NIP: 7732459500 
A & B FHU Adam Gworys;      42-140 Panki,  Polna 3, woj. œl¹skie    ;null;null; NIP: 5741746103 
A & B Finanse;      66-400 Gorzów Wielkopolski,  Czereœniowa 6 lok. 522, woj. lubuskie    ;null;null;null
A & B Flint. Bezkorowajny A.;      32-828 Biadoliny Rad³owskie  119, woj. ma³opolskie    ;14 678 98 05;abflint@poczta.onet.pl; NIP: 8691139933 
A & B Godziek Andrzej Godziek;      BrzeŸce,  Przybysza 20,  43-200 Pszczyna, woj. œl¹skie   ;null;null; NIP: 6381218235 
A & B GROUP Sp. z o.o.;      Chrz¹stowo  55,  63-130 Ksi¹¿ Wielkopolski, woj. wielkopolskie   ;61 887 60 56;argeton@argeton.pl; NIP: 7851779211 
A & B Kowalczyk Sp. z o.o.;      05-200 Wo³omin,  Kazimierzowska 10, woj. mazowieckie    ;22 787 50 91;null; NIP: 1251363278 
A & B Media Bartosz Korzeniewski;      Juszkowo,  Raduñska 56,  83-000 Pruszcz Gdañski, woj. pomorskie   ;null;korzeniewski.bartek@gmail.com; NIP: 5882391211 
A & B Minerals & Machines;      41-205 Sosnowiec,  Bêdziñska 60, woj. œl¹skie    ;603 080 370;abminerals@abminerals.pl; NIP: 6290001139 
A & B Molion Sp. z o.o.;      04-028 Warszawa,  Smolna 13 lok. 406, woj. mazowieckie    ;null;null; NIP: 1132948601 
A & B Optyk s.c. Borowska A., Kaczmarek B.;      54-144 Wroc³aw,  Pilczycka 116a lok. 1, woj. dolnoœl¹skie    ;71 353 84 47;null; NIP: 8942841229 
A & B Paper Ltd. Sp. z o.o.;      87-123 Dobrzejewice  1 a, woj. kujawsko-pomorskie    ;56 674 61 90;null; NIP: 8790168665 
A & B Personnel Sp z o o;      41-700 Ruda Œl¹ska,  Jana III Sobieskiego 32, woj. œl¹skie    ;null;null; NIP: 6412533594 
A & B Produkcja Sp. z o.o.;      45-752 Opole,  Dworska 2 lok. 3, woj. opolskie    ;null;null; NIP: 7543086771 
A & B S.Aubek I.Birowiec;      59-330 Œcinawa,  Orla 1, woj. dolnoœl¹skie    ;null;null; NIP: 6911001740 
A & B s.c. Biuro rachunkowe. Sierakowska B., Ruszczyk A.;      19-200 Grajewo,  Wojska Polskiego 55, woj. podlaskie    ;606 832 585;null; NIP: 7191564118 
A & B s.c. Kamiñscy B.A.;      43-400 Cieszyn,  Ma³a £¹ka 17, woj. œl¹skie    ;33 858 02 21;null; NIP: 5482584828 
A & B s.c. Sklep z konfekcj¹. Cieœlicki A.;      58-100 Œwidnica,  D³uga 11, woj. dolnoœl¹skie    ;74 852 08 63;null; NIP: 8842301485 
A & B s.c. ¯urek B., Urzykowski A.;      04-143 Warszawa,  A. Kordeckiego 15, woj. mazowieckie    ;null;null; NIP: 1131307952 
A & B s.c.;      43-600 Jaworzno,  Klonowa 4 lok. 59, woj. œl¹skie    ;null;null; NIP: 6322015140 
A & B Sigma Sp. z o.o.;      00-375 Warszawa,  al. Stanów Zjednoczonych 51 lok. 213, woj. mazowieckie    ;796 562 481;null; NIP: 5252637515 
A & B Sklep z Tani¹ Odzie¿¹ Mickiewicz Beata Ma³gorzata Drozdowska Anna Katarzyna;      06-500 M³awa,  ¯wirki 16, woj. mazowieckie    ;23 654 25 75;null; NIP: 5691564847 
A & B Sp. z o.o. Hurtownia Artyku³ów Sanitarnych;      05-400 Otwock,  Majowa 204, woj. mazowieckie    ;22 788 88 71;null; NIP: 5320002322 
A & B Sp. z o.o. Hurtownia instalacyjno - sanitarna;      05-462 Wi¹zowna,  W¹ska 2, woj. mazowieckie    ;22 795 12 10;null; NIP: 5321771583 
A & B;      60-312 Poznañ,  Grunwaldzka 85e lok. 16, woj. wielkopolskie    ;61 851 54 58;jlatanowicz@wp.pl; NIP: 7791419666 
A & B. Brala A.;      05-530 Góra Kalwaria,  Kalwaryjska 12, woj. mazowieckie    ;609 859 491;sekretariat@galtex.pl; NIP: 9511108269 
A & B. FH. Moda mêska. Nowak A., Saleta-Nowak B.;      65-071 Zielona Góra,  Jana Sobieskiego 3, woj. lubuskie    ;604 570 770;ab.moda@onet.eu; NIP: 9291005098 
A & B. FHU. Ruszek B.;      05-100 Nowy Dwór Mazowiecki,  Daszyñskiego 7, woj. mazowieckie    ;22 775 21 65;biuro@profiled.pl;null
A & B. Firma ogólnobudowlana;      44-361 Syrynia,  Poprzeczna 18, woj. œl¹skie    ;509 067 501;rebuc@onet.pl; NIP: 6472317606 
A & B. Hurtownia instalacyjno - sanitarna ;      05-400 Otwock,  Majowa 204, woj. mazowieckie    ;22 779 42 51;finanse@aib.waw.pl; NIP: 5321771583 
A & B. Kwiaciarnia. Napiera³a B., Hibner A.;      64-510 Wronki,  Koœciuszki 26, woj. wielkopolskie    ;505 060 126;null;null
A & B. PHU. Ma¿ewski A.;      70-777 Szczecin,  Jasna 3 lok. 22, woj. zachodniopomorskie    ;91 464 52 01;null;null
A & B. Poœrednictwo ubezpieczeniowe i turystyczne. B³aszczyk A.;      42-660 Kalety,  ¯wirki i Wigury 2, woj. œl¹skie    ;669 450 439;alina.blaszczyk1@wp.pl ; NIP: 5751353055 
A & B. Serwis ogumienia. Go³êbiowski;      47-400 Racibórz,  Londzina 18, woj. œl¹skie    ;32 415 20 96;null; NIP: 6391704747 
A & B. Studio. Caba³a-£agan A.;      33-300 Nowy S¹cz,  D³ugosza 63, woj. ma³opolskie    ;null;null;null
A & B. S³odownik A.;      69-108 Cybinka,  Kroœnieñska 50, woj. lubuskie    ;512 132 836;adam.slodownik@amorki.pl; NIP: 5981472266 
A & B. Us³ugi fotograficzne.Poznañska A.;      49-300 Brzeg,  Koœcielna 4c, woj. opolskie    ;665 650 089;kontakt@agatapoznanska.pl; NIP: 7531957444 
A & B. Us³ugi i handel;      76-200 S³upsk,  Paderewskiego 22 lok. 7, woj. pomorskie    ;59 842 57 26;null; NIP: 8391001739 
A & B. Us³ugi Œlusarskie. Andrzej Bielawski ;      54-434 Wroc³aw,  Wojrowicka 46 lok. 23, woj. dolnoœl¹skie    ;null;null; NIP: 8941628278 
A & Bbpol. Oprogramowanie naukowe;      31-231 Kraków,  Siewna 23, woj. ma³opolskie    ;12 415 38 36;null; NIP: 9451126564 
A & BC. Biuro handlowe. Grytner A.;      04-555 Warszawa,  B. Czecha 59, woj. mazowieckie    ;22 812 53 39;null;null
A & C Import Export Sp. z o.o.;      00-641 Warszawa,  Mokotowska 4/6, woj. mazowieckie    ;null;null; NIP: 7010545733 
A & C. Sklep spo¿ywczo - przemys³owy;      62-050 Mosina,  25 Stycznia 2, woj. wielkopolskie    ;509 083 368;marta.wielgus@pwn.pl; NIP: 7771579651 
A & Ca. Olszewski B.;      Pilchowo,  Leœna 7g,  72-004 Tanowo, woj. zachodniopomorskie   ;91 484 91 11;b-olszewski@sdg.com.pl; NIP: 8520606718 
A & D ;      81-364 Gdynia,  W³adys³awa IV 34a lok. 16, woj. pomorskie    ;58 620 04 21;biuro@adwokatdubyna.pl; NIP: 5860209736 
a & d Aneta Niemczyk Biuro Rachunkowe;      44-190 Wilcza,  Stawowa 30, woj. œl¹skie    ;696 667 350;adbiuro1@gmail.com; NIP: 9690846416 
A & D Construct s.c. Damian i Aleksandra Dziarmaga;      59-920 Bogatynia,  Malczewskiego 1c lok. lok. 8, woj. dolnoœl¹skie    ;null;null; NIP: 6152054306 
A & D Factory s.c.;      01-956 Warszawa,  Wrzeciono 54 a lok. 59, woj. mazowieckie    ;22 864 73 63;null; NIP: 1181855549 
A & D Finance Sp. z o.o. Nieruchomoœci sprzeda¿.;      02-784 Warszawa,  Pasa¿ Ursynowski 7, woj. mazowieckie    ;22 644 58 84;null; NIP: 9511741185 
A & D Finance;      50-108 Wroc³aw,  Kie³baœnicza 14, woj. dolnoœl¹skie    ;519 540 350;null;null
A & D Logistyka s.c. Dariusz Janiak Anna Janiak;      72-005 Przec³aw  53a lok. lok. 8, woj. zachodniopomorskie    ;91 311 78 71;null;null
A & D Partners Artur Kobierski;      26-600 Radom,  11 Listopada 63 lok. 26, woj. mazowieckie    ;null;null; NIP: 7962803527 
A & D Pharma Poland Sp. z o.o.;      02-305 Warszawa,  Aleje Jerozolimskie 146d, woj. mazowieckie    ;22 570 27 00;biuro@adpharma.com; NIP: 5213347865 
A & D s.c. Biuro ksiêgowe. Us³ugi rachunkowe. D¹bek D., Kijanka A. ;      39-300 Mielec,  Spó³dzielcza 4 lok. 96, woj. podkarpackie    ;17 583 22 19;danad1359@gmail.com; NIP: 8171776148 
A & D s.c. Biuro rachunkowe;      61-013 Poznañ,  Ba³tycka 7, woj. wielkopolskie    ;61 887 92 30;biuro@podatki24.pl; NIP: 7822325855 
A & D s.c. Bundyra A., Pawelczyk D.;      39-300 Mielec,  ¯eromskiego 25, woj. podkarpackie    ;602 715 094;null;null
A & D s.c. Damian ¯uchowski-Aneta B¹ka³a;      87-800 W³oc³awek,  Cmentarna 10, woj. kujawsko-pomorskie    ;null;null; NIP: 8882633609 
A & D s.c. Miko³ajczak A., G³owacki D.;      53-230 Wroc³aw,  In¿ynierska 66 lok. 3, woj. dolnoœl¹skie    ;602 655 332;null; NIP: 8942920058 
A & D s.c. Zak³ad Remontowo-Budowlany Gomulski D. Kasieczko A.;      61-104 Poznañ,  Chwaliszewo 71, woj. wielkopolskie    ;null;null;null
A & D Sp. z o.o. Instytut szkoleniowy;      01-019 Warszawa,  Nowolipki 28A lok. 16, woj. mazowieckie    ;22 403 40 94;biuro@ad.edu.pl; NIP: 6342760734 
A & D Sp. z o.o.;      00-549 Warszawa,  Œwiêtokrzyska 30 lok. 63, woj. mazowieckie    ;600 382 362;null; NIP: 1070014717 
A & D Sp.j. A. Klimek, D. Pilarz;      34-300 ¯ywiec,  Powstañców Œl¹skich 1, woj. œl¹skie    ;501 646 501;null; NIP: 5532341514 
A & D Studio Anna Miller-Góral;      54-234 Wroc³aw,  Bia³owieska 78 lok. 3, woj. dolnoœl¹skie    ;null;null; NIP: 8942487839 
A & D Tacho - Mix Artur Kowalski;      Sokola Góra  39,  97-525 Wielgom³yny, woj. ³ódzkie   ;669 575 470;null; NIP: 7722245588 
A & D Trans. Szyd³owski D.;      64-920 Pi³a,  al. Wojska Polskiego 28, woj. wielkopolskie    ;67 349 15 03;info@a-dtrans.pl; NIP: 7641639544 
A & D Zammed sp.j. Zak³ad rehabilitacji leczniczej. Zamora D.A.;      42-300 Myszków,  S³owackiego 115, woj. œl¹skie    ;34 344 60 30;ad.zammed@wp.pl; NIP: 5771933525 
A & D;      £ódŸ,  Starorudzka 14/16, woj. ³ódzkie    ;43 659 50 59;biuro@imprezyfirmowe.pl; NIP: 7271460450 
A & D. Art. biurowe. Komputery;      64-310 Lwówek,  Pniewska 5 lok. 4, woj. wielkopolskie    ;602 551 789;null; NIP: 7881119318 
A & D. Biuro rachunkowo - projektowe. Niemczyk A., Wieteska D.;      44-196 Knurów,  Dworcowa 38a lok. 112, woj. œl¹skie    ;508 694 971;dominikawieteska@gmail.com; NIP: 9691606163 
A & D. Imprezy firmowe, wynajem urz¹dzeñ sportowo - rekreacyjnych;      94-011 £ódŸ,  Gwiazdowa 11, woj. ³ódzkie    ;42 688 79 53;biuro@imprezyfirmowe.pl;null
A & D. Izydorczyk A.;      09-407 P³ock,  Lachmana 24, woj. mazowieckie    ;null;sklep@gabija.pl; NIP: 7742282411 
A & D. Ku³akowski D.;      11-400 Kêtrzyn,  Wojska Polskiego 2, woj. warmiñsko-mazurskie    ;89 751 68 49;null; NIP: 7421091713 
A & D. Myjnia samochodowa. Al-Aashari A.;      25-417 Kielce,  Przyborowskiego 9, woj. œwiêtokrzyskie    ;41 368 52 50;null; NIP: 6571610686 
A & D. PHU. Szymañska D.;      60-688 Poznañ,  Hulewiczów 4c lok. 11, woj. wielkopolskie    ;61 828 30 43;null;null
A & D. Producent worków foliowych;      Helenów  II lok. 12,  09-550 Szczawin Koœcielny, woj. mazowieckie   ;504 297 493;null; NIP: 7742282411 
A & D. PW. Izydorczyk A.;      Helenów Drugi  12a,  62-563 Stary Licheñ, woj. wielkopolskie   ;504 297 488;null; NIP: 7742282411 
A & D. Sklep odzie¿owy;      27-600 Sandomierz,  Opatowska 7, woj. œwiêtokrzyskie    ;15 832 31 93;null; NIP: 8641000788 
A & D. Spaszewski D.;      10-373 Wad¹g,  Asnyka 17, woj. warmiñsko-mazurskie    ;606 623 256;null; NIP: 7392968213 
A & D. Us³ugi brukarskie. G³owacki D.;      58-150 Strzegom,  Koszarowa 3a, woj. dolnoœl¹skie    ;695 607 620;null; NIP: 8841740892 
